"","tau","Model","Est","SE","AICc","GOF0","GOF5"
"1",3,"Poisson",1233.98150551513,25.9652960310767,109.92827320892,7.037e-17,7.037e-17
"2",4,"Poisson",1172.97186330472,19.5842834775818,77.1910775943825,4.373e-09,4.373e-09
"3",5,"Poisson",1134.51475851586,15.9028866863092,81.0446486901451,1.778e-10,1.778e-10
"4",6,"Poisson",1096.51563660065,12.3956071308288,162.966508041939,1.888e-36,1.888e-36
"5",7,"Poisson",1080.29146452246,10.904856571189,204.221054922302,1.94e-44,2.114e-38
"6",8,"Poisson",1064.44253781997,9.42800963082511,294.038089249475,9.188e-84,5.361e-60
"7",9,"Poisson",1057.53708353388,8.7705716854074,339.631735140247,9.607e-99,5.027e-92
"8",10,"Poisson",1046.20190574178,7.65831071279228,482.889189559874,4.603e-272,1.566e-127
"9",11,"Poisson",1040.83752080561,7.11094929162471,564.085243696918,0,4.318e-142
"10",12,"Poisson",1035.32262228788,6.52846419224351,678.981616913027,0,2.676e-155
"11",13,"Poisson",1031.69666124075,6.13141288587905,771.017250020644,0,6.953e-231
"12",14,"Poisson",1025.83874825679,5.45833804385644,979.955066776014,0,2.424e-250
"13",15,"Poisson",1023.82314456427,5.21532882037467,1060.14963104832,0,7.028e-257
"14",16,"Poisson",1021.52629841,4.92953558957002,1171.72426418945,0,1.785e-264
"15",17,"Poisson",1018.75651460313,4.56972719141773,1338.30097846298,0,0
"16",18,"Poisson",1018.45264016268,4.52909308621039,1356.4729101841,0,0
"17",19,"Poisson",1017.51466030207,4.40206295082344,1423.26873122342,0,0
"18",20,"Poisson",1015.13406920332,4.06721368176455,1632.39053771791,0,0
"19",21,"Poisson",1014.02213978609,3.90370728587883,1742.04740662455,0,0
"20",22,"Poisson",1012.94389313431,3.74007509058409,1862.27732256341,0,0
"21",23,"Poisson",1010.96237648893,3.42387295515669,2129.34992457165,0,0
"22",24,"Poisson",1010.72786666531,3.38492098904326,2162.62328880708,0,0
"23",25,"Poisson",1009.80050803367,3.22721767026267,2313.74934229385,0,0
"24",26,"Poisson",1009.34994368165,3.14829526669173,2393.17990805068,0,0
"25",27,"Poisson",1008.90241329966,3.0682631342538,2478.74067354245,0,0
"26",28,"Poisson",1008.45969805414,2.98735338014015,2570.46393404182,0,0
"27",29,"Poisson",1008.23829938145,2.94619852818857,2618.86758979721,0,0
"28",30,"Poisson",1007.58634748861,2.82209231716745,2776.9655895338,0,0
"29",31,"Poisson",1006.77439251227,2.66069436912872,2999.91403100128,0,0
"30",32,"Poisson",1006.20791283518,2.54289709038203,3173.81136198783,0,0
"31",33,"Poisson",1006.02418537734,2.5036588069586,3233.68868707728,0,0
"32",37,"Poisson",1005.82051727764,2.45952768660746,3308.77532304185,0,0
"33",39,"Poisson",1005.61188926748,2.41358876700854,3391.4905503115,0,0
"34",41,"Poisson",1005.00010685592,2.27416491152244,3664.82536202765,0,0
"35",42,"Poisson",1004.80724829749,2.22860503424775,3757.81017680441,0,0
"36",43,"Poisson",1004.43545431797,2.13832079249782,3951.82228414297,0,0
"37",44,"Poisson",1004.25663974827,2.09364933192757,4051.4609626276,0,0
"38",46,"Poisson",1004.07668014972,2.04780140750667,4158.99130017925,0,0
"39",47,"Poisson",1003.73235058112,1.95735734278663,4382.03096682773,0,0
"40",48,"Poisson",1003.41169318973,1.86953784744608,4610.95093684493,0,0
"41",49,"Poisson",1003.11349248542,1.78430291715862,4845.70370820612,0,0
"42",50,"Poisson",1002.97170136215,1.74242078555921,4965.64424474536,0,0
"43",51,"Poisson",1002.70247250622,1.66019390277563,5213.38400446604,0,0
"44",53,"Poisson",1002.5721524434,1.6189917174202,5344.17365458443,0,0
"45",54,"Poisson",1002.44584177282,1.57809443785924,5478.56729767708,0,0
"46",55,"Poisson",1002.20774680046,1.49815071384931,5755.08845641098,0,0
"47",56,"Poisson",1002.09575178198,1.45911720979765,5895.81734969847,0,0
"48",58,"Poisson",1001.98550010246,1.41969830767663,6044.60643075504,0,0
"49",61,"Poisson",1001.77163574813,1.34009750252367,6367.87725564911,0,0
"50",62,"Poisson",1001.57836021277,1.26405515171771,6696.19921390835,0,0
"51",67,"Poisson",1001.39234482594,1.18647020169054,7066.40021991469,0,0
"52",68,"Poisson",1001.30667854686,1.1490461622455,7253.69987259404,0,0
"53",74,"Poisson",1001.2187968472,1.10938954499072,7468.26306169347,0,0
"54",75,"Poisson",1001.05874093625,1.03339093275671,7904.11631967916,0,0
"55",78,"Poisson",1000.98390940479,0.995931686002968,8133.68439684691,0,0
"56",83,"Poisson",1000.77843834395,0.885186331511982,8889.81129540894,0,0
"57",84,"Poisson",1000.71949736468,0.850826078717342,9142.1796515414,0,0
"58",85,"Poisson",1000.66445838863,0.817465052047375,9397.76254147024,0,0
"59",87,"Poisson",1000.564676351,0.753299976073134,9924.80050674989,0,0
"60",99,"Poisson",1000.51429667801,0.718769153558407,10245.3901648408,0,0
"61",101,"Poisson",1000.46755149593,0.68519944357133,10573.9980607834,0,0
"62",111,"Poisson",1000.42079749794,0.649916645527622,10952.6736977663,0,0
"63",114,"Poisson",1000.37766954427,0.61560373176865,11344.5132377533,0,0
"64",119,"Poisson",1000.33729097253,0.581668757877618,11760.2701403076,0,0
"65",121,"Poisson",1000.30069098126,0.549120391403137,12183.6575706831,0,0
"66",126,"Poisson",1000.26676741973,0.517144346990414,12630.9661215618,0,0
"67",128,"Poisson",1000.23625319578,0.486606297686846,13085.725683954,0,0
"68",132,"Poisson",1000.20843377535,0.457004747298143,13558.8614279071,0,0
"69",138,"Poisson",1000.18281967819,0.427956271263547,14061.4148898348,0,0
"70",139,"Poisson",1000.16023683816,0.40061344699684,14565.5268285621,0,0
"71",145,"Poisson",1000.13962937255,0.373931797145394,15099.0084991798,0,0
"72",146,"Poisson",1000.12158526754,0.348906167905711,15633.8046255207,0,0
"73",157,"Poisson",1000.10472879701,0.323792859057363,16226.1910302191,0,0
"74",163,"Poisson",1000.08969104979,0.299624966426281,16847.8998423485,0,0
"75",166,"Poisson",1000.07660499882,0.276888427930958,17481.6100706304,0,0
"76",168,"Poisson",1000.06531793287,0.255663447003824,18121.5007191952,0,0
"77",169,"Poisson",1000.05565644764,0.235987745124558,18761.8142061325,0,0
"78",174,"Poisson",1000.04720115229,0.217314947211591,19425.3893015081,0,0
"79",181,"Poisson",1000.03976184146,0.19944818513198,20123.6418158597,0,0
"80",190,"Poisson",1000.03320505536,0.1822569973424,20868.1564294245,0,0
"81",192,"Poisson",1000.02768409062,0.166411992873383,21617.9748778577,0,0
"82",195,"Poisson",1000.02302023217,0.151744691121532,22378.8700510093,0,0
"83",209,"Poisson",1000.01888200626,0.13742728016549,23215.2599696328,0,0
"84",3,"SingleExp",1766.49638554217,65.3114988665445,173.107800965794,2.51e-30,2.51e-30
"85",4,"SingleExp",1655.62331081081,52.5510943605801,137.711579300802,2.351e-19,2.351e-19
"86",5,"SingleExp",1581.875,45.228909967796,115.492723893959,2.844e-13,2.844e-13
"87",6,"SingleExp",1505.07980295566,38.327547170471,132.08150752353,7.763e-17,7.763e-17
"88",7,"SingleExp",1470.16567036721,35.4228526594803,118.988840953433,2.418e-12,2.418e-12
"89",8,"SingleExp",1433.72348207754,32.5568572633821,122.102265139959,6.568e-12,6.568e-12
"90",9,"SingleExp",1416.78382053025,31.2821550789073,111.991261067502,7.818e-09,7.818e-09
"91",10,"SingleExp",1387.14898688915,29.1271973641474,127.508645697767,6.469e-12,6.469e-12
"92",11,"SingleExp",1372.14905450501,28.0676797246843,126.169221165869,3.252e-10,3.252e-10
"93",12,"SingleExp",1355.77588871716,26.9374168318837,131.976161741214,2.677e-10,2.952e-06
"94",13,"SingleExp",1344.36310395315,26.1645873843714,133.996366573967,1.652e-09,3.147e-07
"95",14,"SingleExp",1324.65042091272,24.8516682070298,158.196670049933,1.414e-15,3.05e-13
"96",15,"SingleExp",1317.4045279795,24.3759799471669,159.23939990636,3.7e-14,2.344e-13
"97",16,"SingleExp",1308.73303352412,23.8132477391882,164.982716290259,6.411e-14,8.865e-11
"98",17,"SingleExp",1297.63861003861,23.1006371522345,178.870209999076,2.971e-16,3.051e-10
"99",18,"SingleExp",1296.37169159954,23.0199677621505,177.966080905413,2.397e-15,2.579e-11
"100",19,"SingleExp",1292.34272829763,22.7652500889899,180.315377403951,1.525e-14,2.654e-11
"101",20,"SingleExp",1281.58549591184,22.0896645321656,200.728425586785,2.346e-20,2.123e-12
"102",21,"SingleExp",1276.26546837193,21.7575591789482,207.739807512069,2.455e-20,5.764e-13
"103",22,"SingleExp",1270.87806516627,21.4229755206138,216.091605398326,6.969e-21,3.334e-14
"104",23,"SingleExp",1260.33491912464,20.7711859110509,242.934796781932,5.352e-31,1.493e-16
"105",24,"SingleExp",1259.02046599496,20.6902589602824,243.905750466751,7.727e-30,6.71e-20
"106",25,"SingleExp",1253.64333740831,20.3603996795974,255.565312388289,2.274e-31,2.788e-22
"107",26,"SingleExp",1250.9238410596,20.1941115083273,260.225717108851,1.299e-30,7.452e-21
"108",27,"SingleExp",1248.14018968583,20.0244005041105,265.60050892874,3.27e-30,3.869e-22
"109",28,"SingleExp",1245.30017502917,19.8517088259877,271.663145292681,3.431e-30,1.836e-23
"110",29,"SingleExp",1243.84375,19.763363530151,274.368775198314,1.848e-29,3.958e-24
"111",30,"SingleExp",1239.41320914479,19.4951727378442,287.019483418041,1.668e-33,2.25e-25
"112",31,"SingleExp",1233.58585858586,19.1429896252462,306.210483182391,5.692e-43,5.692e-31
"113",32,"SingleExp",1229.28221512247,18.88323888302,319.934469673437,3.952e-47,4.139e-33
"114",33,"SingleExp",1227.83553326294,18.7960518657272,323.594076943305,3.871e-46,1.13e-32
"115",37,"SingleExp",1226.17677824268,18.6967146789899,328.912790484303,1.679e-46,3.947e-34
"116",39,"SingleExp",1224.43319523563,18.5925391997003,334.98939829278,4.711e-48,7.658e-35
"117",41,"SingleExp",1219.07483676544,18.2728743087996,358.637063758561,5.365e-88,2.254e-39
"118",42,"SingleExp",1217.30673626647,18.1674128043935,365.491847289583,7.873e-89,1.099e-35
"119",43,"SingleExp",1213.77380082785,17.9567449644414,381.027173384755,2.512e-105,5.255e-39
"120",44,"SingleExp",1212.01060240964,17.8516266725619,388.312778260602,1.978e-106,1.326e-39
"121",46,"SingleExp",1210.18379022646,17.7428552238488,396.272176798615,3.007e-110,1.785e-43
"122",47,"SingleExp",1206.55026825286,17.5264911169279,413.937955611897,6.473e-142,3.906e-45
"123",48,"SingleExp",1202.97854371148,17.3136988711943,431.798146194682,1.035e-171,9.267e-47
"124",49,"SingleExp",1199.46951083315,17.1045116893479,449.835730652178,8.879e-200,1.028e-52
"125",50,"SingleExp",1197.72779496244,17.0006450773717,458.317710373624,4.246e-200,1.359e-53
"126",51,"SingleExp",1194.27237354086,16.7944915062484,476.962466799395,2.273e-232,2.691e-55
"127",53,"SingleExp",1192.51838392475,16.6898641381662,486.101348527637,2.327e-235,3.511e-56
"128",54,"SingleExp",1190.76305220884,16.5851335314472,495.44437504528,4.613e-240,5.689e-57
"129",55,"SingleExp",1187.29158917132,16.3778572004996,515.743363066922,3.555e-295,1.773e-63
"130",56,"SingleExp",1185.57601144258,16.2753391376106,525.306746955305,1.438e-297,2.679e-64
"131",58,"SingleExp",1183.82468188245,16.1707024958232,535.407374355907,1.288e-306,3.952e-65
"132",61,"SingleExp",1180.22796292644,15.955803085008,558.540573713224,0,1.193e-66
"133",62,"SingleExp",1176.73098401695,15.7464896554717,581.593934828629,0,1.4e-74
"134",67,"SingleExp",1173.07042253521,15.5273412192127,607.215524791423,0,5.537e-76
"135",68,"SingleExp",1171.27614985163,15.4197530231289,619.341015180086,0,1.238e-76
"136",74,"SingleExp",1169.34016468435,15.3037591625881,633.199671763362,0,3.051e-77
"137",75,"SingleExp",1165.56137537859,15.0769089608531,662.192637737456,0,5.18e-88
"138",78,"SingleExp",1163.65992970123,14.9625968167187,676.565711803992,0,1.931e-88
"139",83,"SingleExp",1157.85444743935,14.6128626278732,726.273449207773,0,1.127e-89
"140",84,"SingleExp",1155.99950157834,14.5007397566194,741.388717769149,0,2.239e-97
"141",85,"SingleExp",1154.17008028838,14.3899848734903,756.525243892107,0,8.784e-98
"142",87,"SingleExp",1150.563187251,14.1711120183292,788.523770058685,0,1.089e-98
"143",99,"SingleExp",1148.55311470265,14.0490800335127,806.830401007727,0,5.105e-115
"144",101,"SingleExp",1146.55893712344,13.9277800656499,825.348076991522,0,1.011e-104
"145",111,"SingleExp",1144.40604587574,13.7967158741242,846.275759798727,0,6.79e-105
"146",114,"SingleExp",1142.26045400239,13.6658057851599,867.600111135127,0,2.838e-132
"147",119,"SingleExp",1140.08350454946,13.5327037381019,889.834653431106,0,2.756e-131
"148",121,"SingleExp",1137.94115950389,13.4013755405712,912.141226164534,0,4.362e-114
"149",126,"SingleExp",1135.77574727298,13.2683195020851,935.290361201462,0,8.723e-143
"150",128,"SingleExp",1133.64876148066,13.1372550645114,958.470050439508,0,1.247e-141
"151",132,"SingleExp",1131.52398523985,13.0059732165789,982.176090560995,0,1.185e-140
"152",138,"SingleExp",1129.37000268312,12.8725318846577,1006.87247870617,0,9.042e-115
"153",139,"SingleExp",1127.27726554268,12.7424620084789,1031.28722150154,0,3.628e-154
"154",145,"SingleExp",1125.16235780765,12.6106331422895,1056.62465220495,0,5.622e-149
"155",146,"SingleExp",1123.10937698262,12.4822238346576,1081.65482118171,0,3.414e-128
"156",157,"SingleExp",1120.96503670524,12.3477241813364,1108.70121957328,0,1.022e-128
"157",163,"SingleExp",1118.81558726674,12.2124349692952,1136.51555227333,0,2.624e-160
"158",166,"SingleExp",1116.70779531325,12.0792621467846,1164.378670696,0,1.233e-146
"159",168,"SingleExp",1114.65490563826,11.9490485868533,1192.05945846316,0,5.109e-166
"160",169,"SingleExp",1112.66812277273,11.8225226367567,1219.34281053236,0,1.403e-165
"161",174,"SingleExp",1110.69443192065,11.6963508704236,1247.08773324889,0,1.307e-150
"162",181,"SingleExp",1108.71232876712,11.5691528319588,1275.67736694114,0,3.361e-193
"163",190,"SingleExp",1106.70371171951,11.4397413631308,1305.46573663037,0,5.542e-192
"164",192,"SingleExp",1104.75360474979,11.3135373996596,1334.97469743894,0,2.122e-199
"165",195,"SingleExp",1102.84905464367,11.1897324767255,1364.40575700709,0,1.358e-198
"166",209,"SingleExp",1100.87614399024,11.0609515275046,1395.87647280733,0,2.657e-206
"167",5,"ThreeMixedExp",1581.875,NA,123.577737752427,8.516e-15,8.516e-15
"168",6,"ThreeMixedExp",1505.07980295567,NA,140.160412324889,2.678e-18,2.678e-18
"169",7,"ThreeMixedExp",1470.16567036721,NA,127.064957287159,1.417e-13,1.417e-13
"170",8,"ThreeMixedExp",1433.72348207755,NA,130.17559083804,4.768e-13,4.768e-13
"171",9,"ThreeMixedExp",1416.78382053026,NA,120.0633595058,8.396e-10,8.396e-10
"172",10,"ThreeMixedExp",1387.14898688916,NA,135.57867057339,6.117e-13,6.117e-13
"173",11,"ThreeMixedExp",1372.14905450504,NA,134.238210830702,3.843e-11,3.843e-11
"174",12,"ThreeMixedExp",1355.77588871763,NA,140.044063923479,3.421e-11,5.074e-07
"175",13,"ThreeMixedExp",1344.42480018635,NA,142.062617914919,2.417e-10,5.259e-08
"176",14,"ThreeMixedExp",1329.01430922308,NA,165.97385894561,1.893e-16,3.968e-14
"177",15,"ThreeMixedExp",1552.02540721446,NA,146.700501662047,3.118e-16,2.646e-15
"178",16,"ThreeMixedExp",1545.74699587042,NA,147.339016938994,1.048e-14,1.317e-11
"179",17,"ThreeMixedExp",1537.40962892525,NA,153.423685524089,7.773e-15,1.082e-10
"180",18,"ThreeMixedExp",1536.44096365549,NA,151.519121972945,8.173e-14,2.184e-10
"181",19,"ThreeMixedExp",1532.96477373292,NA,150.470075291005,2.194e-12,1.315e-11
"182",20,"ThreeMixedExp",1524.01471623395,NA,160.592108148381,4.161e-14,2.884e-08
"183",21,"ThreeMixedExp",1519.79370470687,NA,161.833935752738,6.367e-13,2.577e-08
"184",22,"ThreeMixedExp",1515.42264899594,NA,163.807984378067,5.252e-12,1.216e-12
"185",23,"ThreeMixedExp",1507.24781630527,NA,176.675399006852,6.676e-15,3.889e-09
"186",24,"ThreeMixedExp",1506.22772566438,NA,175.749818818331,6.389e-14,6.818e-09
"187",25,"ThreeMixedExp",1501.83131303866,NA,179.207168588732,3.106e-13,4.166e-09
"188",26,"ThreeMixedExp",1499.54395502683,NA,179.45869952867,3.718e-12,2.067e-08
"189",27,"ThreeMixedExp",1497.0899024152,NA,180.108118036681,3.335e-11,7.611e-08
"190",28,"ThreeMixedExp",1494.48874172193,NA,181.125645584252,2.272e-10,4.903e-08
"191",29,"ThreeMixedExp",1493.09562309245,NA,181.145612182496,1.208e-09,1.275e-07
"192",30,"ThreeMixedExp",1488.75407811942,NA,185.250781311675,1.514e-09,1.271e-06
"193",31,"ThreeMixedExp",1483.13614174568,NA,192.43265229633,2.04e-10,2.748e-06
"194",32,"ThreeMixedExp",1479.06911293245,NA,196.708599736433,2.97e-10,1.403e-06
"195",33,"ThreeMixedExp",1477.68100571142,NA,197.061656440499,1.488e-09,8.279e-08
"196",37,"ThreeMixedExp",1475.77615885967,NA,198.368058192138,5.415e-09,1.724e-07
"197",39,"ThreeMixedExp",1473.66454124717,NA,200.078424130784,1.58e-08,3.268e-07
"198",41,"ThreeMixedExp",1467.02110061585,NA,209.569435291835,6.793e-11,2.657e-06
"199",42,"ThreeMixedExp",1464.85344564702,NA,211.53662430138,2.566e-10,3.056e-06
"200",43,"ThreeMixedExp",1460.53446559098,NA,216.959294826971,1.305e-10,2.623e-10
"201",44,"ThreeMixedExp",1458.38820896355,NA,219.022217031127,4.591e-10,1.224e-09
"202",46,"ThreeMixedExp",1456.0916514564,NA,221.399295653247,1.263e-09,6.741e-08
"203",47,"ThreeMixedExp",1451.56422279109,NA,227.573647241146,2.546e-10,2.118e-06
"204",48,"ThreeMixedExp",1447.21232258592,NA,233.646151816013,7.146e-11,5.354e-06
"205",49,"ThreeMixedExp",1443.0400514496,NA,239.617677687527,2.612e-11,1.421e-07
"206",50,"ThreeMixedExp",1440.99586469665,NA,241.919965370088,9.273e-11,1.725e-06
"207",51,"ThreeMixedExp",1436.99756582469,NA,247.922694200742,3.197e-11,1.038e-05
"208",53,"ThreeMixedExp",1434.94855035949,NA,250.411491020877,9.894e-11,1.205e-05
"209",54,"ThreeMixedExp",1432.90527168646,NA,252.951898438343,2.74e-10,1.289e-05
"210",55,"ThreeMixedExp",1428.93791325053,42.4555689594649,259.390297385756,4.972e-11,1.378e-05
"211",56,"ThreeMixedExp",1427.01372014703,41.9399223472593,261.900877253687,1.446e-10,1.814e-11
"212",58,"ThreeMixedExp",1425.01656855396,41.4084102234392,264.614170102284,3.438e-10,3.891e-09
"213",61,"ThreeMixedExp",1420.84161558889,40.3230226143209,271.981992198575,1.547e-11,4.717e-06
"214",62,"ThreeMixedExp",1416.93311892103,39.4228717943365,279.123635717678,1.361e-12,3.352e-14
"215",67,"ThreeMixedExp",1412.70476487505,38.4529095100203,287.1836935229,2.746e-14,2.91e-09
"216",68,"ThreeMixedExp",1410.67493598891,38.0238388660004,290.446994836094,7.51e-14,4.242e-07
"217",74,"ThreeMixedExp",1408.35997194455,37.5033155548057,294.379462942405,9.064e-14,6.268e-07
"218",75,"ThreeMixedExp",1404.01436520232,36.6263592416209,303.39946927917,2.507e-16,1.434e-06
"219",78,"ThreeMixedExp",1401.7867048917,36.1913243737865,307.359102871957,4.486e-16,1.983e-06
"220",83,"ThreeMixedExp",1395.65502721522,35.1378713111831,323.602519329022,4.304e-26,5.791e-05
"221",84,"ThreeMixedExp",1393.14602164313,34.6822814314693,327.632911333488,4.424e-25,6.159e-05
"222",85,"ThreeMixedExp",1391.1785159683,34.3751250182935,331.596317741314,3.325e-24,6.395e-05
"223",87,"ThreeMixedExp",1387.67421837576,33.8744104627564,340.86998568945,4.546e-26,4.787e-10
"224",99,"ThreeMixedExp",1385.29609874315,33.4833017892714,345.831392717185,5.811e-26,5.015e-07
"225",101,"ThreeMixedExp",1383.83899382726,33.2921863033467,350.742462425567,4.98e-26,7.039e-07
"226",111,"ThreeMixedExp",1476.9639430009,62.244805134323,340.804411263907,1.805e-24,1.26e-06
"227",114,"ThreeMixedExp",1481.63528645948,64.2040372567727,345.496507622896,3.76e-25,9.945e-07
"228",119,"ThreeMixedExp",1481.36823964969,63.6424517525052,350.378288476471,9.28e-26,3.935e-09
"229",121,"ThreeMixedExp",1480.99346928346,63.0762461129199,355.205936393494,2.831e-26,5.039e-09
"230",126,"ThreeMixedExp",1480.57733273284,62.5079904899516,360.173718626219,6.239e-27,6.168e-09
"231",128,"ThreeMixedExp",1480.1794115968,61.9931072004532,365.082553566808,1.695e-27,7.351e-09
"232",132,"ThreeMixedExp",1479.76998931088,61.49661726182,370.055074336205,3.999e-28,8.486e-09
"233",138,"ThreeMixedExp",1479.32248552315,60.9924606169645,375.196954996221,6.079e-29,9.435e-09
"234",139,"ThreeMixedExp",1478.91305512311,60.5481698913719,380.216131123581,1.397e-29,1.038e-08
"235",145,"ThreeMixedExp",1478.47100588147,60.0979127812831,385.388052243211,2.117e-30,1.548e-08
"236",146,"ThreeMixedExp",1478.06754956628,59.6999765995472,390.441560565371,4.744e-31,1.612e-08
"237",157,"ThreeMixedExp",1477.57117935633,59.2468786683022,395.87980660113,3.247e-32,1.146e-08
"238",163,"ThreeMixedExp",1477.05448260102,58.7991492026671,401.424977301939,1.707e-33,1.151e-08
"239",166,"ThreeMixedExp",1476.5572859607,58.3851394372404,406.927674949842,1.189e-34,1.725e-14
"240",168,"ThreeMixedExp",1476.09105951184,58.009610430462,412.347076775083,1.207e-35,4.727e-14
"241",169,"ThreeMixedExp",1475.66560077147,57.6757615766308,417.647822781268,1.883e-36,5.545e-14
"242",174,"ThreeMixedExp",1475.23401668339,57.349377189718,423.005899286558,2.437e-37,6.304e-14
"243",181,"ThreeMixedExp",1474.77647413344,57.0172901637992,428.495448973914,2.035e-38,6.887e-14
"244",190,"ThreeMixedExp",1474.27559185406,56.6693116767445,434.180854089813,8.516e-40,7.173e-14
"245",192,"ThreeMixedExp",1473.80674233475,56.3523212571705,439.780538444466,5.484e-41,7.439e-14
"246",195,"ThreeMixedExp",1473.35827749545,56.0571678989417,445.338093028185,4.35e-42,7.651e-14
"247",209,"ThreeMixedExp",1472.8251074389,55.7220958936376,451.24338946681,8.568e-44,2.098e-14
"248",5,"TwoMixedExp",1581.875,NA,119.522999334754,8.516e-15,8.516e-15
"249",6,"TwoMixedExp",1505.07980295567,NA,136.109613147803,2.678e-18,2.678e-18
"250",7,"TwoMixedExp",1470.16567036721,NA,123.015955873232,1.417e-13,1.417e-13
"251",8,"TwoMixedExp",1433.72348207755,NA,126.128388399314,4.768e-13,4.768e-13
"252",9,"TwoMixedExp",1416.78382053026,NA,116.016948157719,8.396e-10,8.396e-10
"253",10,"TwoMixedExp",1387.14898688916,NA,131.533595760422,6.117e-13,6.117e-13
"254",11,"TwoMixedExp",1372.14905450504,NA,130.193803234572,3.843e-11,3.843e-11
"255",12,"TwoMixedExp",1355.77588871763,NA,136.000357206979,3.421e-11,5.074e-07
"256",13,"TwoMixedExp",1344.42477943412,35.1206740109451,138.019383911802,2.423e-10,5.268e-08
"257",14,"TwoMixedExp",1329.01261231743,31.0143014347655,161.931553442909,2.76e-16,5.284e-14
"258",15,"TwoMixedExp",1552.02315485668,138.229978613554,142.658382059632,8.745e-09,7.152e-08
"259",16,"TwoMixedExp",1545.74699540816,121.053296089187,143.29723769064,1.226e-07,7.721e-08
"260",17,"TwoMixedExp",1537.40962877138,103.732288284173,149.382338138873,1.061e-07,1.1e-07
"261",18,"TwoMixedExp",1536.44096359933,102.027557625008,147.477822022036,5.942e-07,3.264e-07
"262",19,"TwoMixedExp",1532.96477364989,96.6276975592305,146.428916992256,5.938e-06,4.818e-06
"263",20,"TwoMixedExp",1524.0147162087,84.8044598107085,156.551322881331,3.819e-07,0.004042
"264",21,"TwoMixedExp",1519.79371956228,80.1003760030621,157.793334477295,2.619e-06,0.0005258
"265",22,"TwoMixedExp",1515.42264898424,75.8202305071885,159.767565441658,1.12e-05,0.003537
"266",23,"TwoMixedExp",1507.24782737854,68.919150836228,172.635339878979,1.339e-07,0.001844
"267",24,"TwoMixedExp",1506.22772505077,68.1570956170127,171.709804216615,6.579e-07,9.406e-06
"268",25,"TwoMixedExp",1501.83131006271,65.1413135295946,175.16733110617,1.984e-06,0.0002374
"269",26,"TwoMixedExp",1499.54395327925,63.7053534519805,175.41895001899,1.05e-05,0.0006982
"270",27,"TwoMixedExp",1497.08990185534,62.2668478897074,176.068456112202,4.393e-05,0.000789
"271",28,"TwoMixedExp",1494.48874109783,60.8391628322848,177.086070859848,0.0001479,0.002138
"272",29,"TwoMixedExp",1493.09562275909,60.1147360995841,177.106080914502,0.0004175,0.0009898
"273",30,"TwoMixedExp",1488.75407698779,57.9926992066293,181.211379842165,0.0004657,0.006462
"274",31,"TwoMixedExp",1483.13614001658,55.4765896025995,188.393422571344,0.0001331,0.005723
"275",32,"TwoMixedExp",1479.06911152057,53.7974679376666,192.669497840499,0.0001652,0.01708
"276",33,"TwoMixedExp",1477.68100520827,53.2532107705598,193.022596969328,0.0004419,0.0005678
"277",37,"TwoMixedExp",1475.77615820349,52.5574283811285,194.329041053769,0.0009379,0.001252
"278",39,"TwoMixedExp",1473.66454050172,51.8176859060826,196.039449233556,0.00171,0.002153
"279",41,"TwoMixedExp",1467.0211158656,49.6407423081796,205.530586571021,6.067e-05,0.007403
"280",42,"TwoMixedExp",1464.8534446211,48.9710059009225,207.49781745804,0.0001343,0.01021
"281",43,"TwoMixedExp",1460.5342813355,47.6923460304041,212.920571468384,8.404e-05,0.0163
"282",44,"TwoMixedExp",1458.38797867648,47.0828476676613,214.983535280312,0.0001768,0.01925
"283",46,"TwoMixedExp",1456.09143708368,46.4526233668924,217.360655420885,0.000316,0.02199
"284",47,"TwoMixedExp",1451.56398330549,45.2595736396745,223.535089778882,0.0001139,0.002438
"285",48,"TwoMixedExp",1447.2120871929,44.1687105649272,229.607676770009,4.971e-05,0.03541
"286",49,"TwoMixedExp",1443.03981867721,43.1703522520368,235.579284706206,2.54e-05,0.06258
"287",50,"TwoMixedExp",1440.99563272222,42.6976250613554,237.881613289974,5.434e-05,0.06147
"288",51,"TwoMixedExp",1436.99735320631,41.8023074257234,243.884423662122,2.697e-05,0.0214
"289",53,"TwoMixedExp",1434.94833823215,41.3594753382513,246.373261122052,5.29e-05,0.0219
"290",54,"TwoMixedExp",1432.90504760929,40.9274563110861,248.913709080743,9.626e-05,3.77e-05
"291",55,"TwoMixedExp",1428.93697907651,40.1130720772959,255.352191270037,3.262e-05,0.0009516
"292",56,"TwoMixedExp",1427.01286513547,39.7293677196314,257.862812008428,6.153e-05,0.001417
"293",58,"TwoMixedExp",1425.01520941469,39.3400554008312,260.576149380737,0.0001018,0.002607
"294",61,"TwoMixedExp",1420.83493016486,38.5526444797239,267.944115710438,1.471e-05,0.003968
"295",62,"TwoMixedExp",1416.9220398292,37.8413039424486,275.085918468849,3.096e-06,0.0006446
"296",67,"TwoMixedExp",1412.68470079653,37.104092218104,283.14628235496,2.468e-07,0.001603
"297",68,"TwoMixedExp",1410.66311652308,36.7615547183974,286.409489072033,4.586e-07,0.006307
"298",74,"TwoMixedExp",1408.34200966272,36.3788044647094,290.342200536084,5.011e-07,0.006488
"299",75,"TwoMixedExp",1403.94550496114,35.6730498440067,299.364004596811,1.061e-08,9.709e-08
"300",78,"TwoMixedExp",1401.74149902923,35.3293156659678,303.323081701305,1.497e-08,0.0003191
"301",83,"TwoMixedExp",1394.99902404873,34.3174926283982,319.595242061089,2.843e-15,0.0001736
"302",84,"TwoMixedExp",1392.94782785203,34.0194617110412,323.605018769045,1.27e-14,0.0002297
"303",85,"TwoMixedExp",1390.96132516616,33.7351481432169,327.56972481469,4.896e-14,0.0009295
"304",87,"TwoMixedExp",1387.1269134525,33.1982751481935,336.861125578317,2.573e-15,0.001081
"305",99,"TwoMixedExp",1384.80707745423,32.883714944041,341.82231001576,2.855e-15,0.002189
"306",101,"TwoMixedExp",1382.53554530224,32.5807844562233,346.787949757942,3.041e-15,0.0003704
"307",111,"TwoMixedExp",1379.96468265956,32.2454100609141,352.526005458768,6.552e-16,0.0007574
"308",114,"TwoMixedExp",1377.42957869229,31.9205976742711,358.311654321632,1.466e-16,0.0006478
"309",119,"TwoMixedExp",1374.85454993086,31.5967442038754,364.31717881986,2.077e-17,2.816e-09
"310",121,"TwoMixedExp",1372.36872026671,31.2892779967371,370.255298588934,4.304e-18,0.0001488
"311",126,"TwoMixedExp",1369.85991572738,30.9843401420666,376.382293299026,5.824e-19,0.0001712
"312",128,"TwoMixedExp",1367.44580380882,30.6954685362818,382.429830943193,1.189e-19,0.0001486
"313",132,"TwoMixedExp",1365.05633126383,30.4140344861331,388.560075292805,2.105e-20,3.276e-05
"314",138,"TwoMixedExp",1362.63316752474,30.1332246492102,394.915300405687,1.995e-21,3.567e-05
"315",139,"TwoMixedExp",1360.3436860884,29.8715678524151,401.097092583621,4.068e-22,2.754e-05
"316",145,"TwoMixedExp",1358.03298988238,29.6114235548239,407.478601372504,4.572e-23,1.702e-10
"317",146,"TwoMixedExp",1355.85296719658,29.3691210684045,413.687310079081,1.064e-23,6.121e-07
"318",157,"TwoMixedExp",1353.52815996204,29.1147239768912,420.412783142046,3.727e-25,1.141e-06
"319",163,"TwoMixedExp",1351.21498722461,28.8651451215237,427.273880115695,9.454e-27,1.097e-06
"320",166,"TwoMixedExp",1348.99447476427,28.62862047398,434.062818797249,4.553e-28,1.008e-06
"321",168,"TwoMixedExp",1346.8864539922,28.4067308212736,440.720738941554,4.724e-29,1.263e-06
"322",169,"TwoMixedExp",1344.90627666893,28.200545289723,447.196535176227,1.094e-29,1.302e-09
"323",174,"TwoMixedExp",1342.961148748,28.0002804194167,453.733196639338,1.964e-30,8.097e-09
"324",181,"TwoMixedExp",1341.01437596901,27.8021399930579,460.433118549648,1.829e-31,5.777e-09
"325",190,"TwoMixedExp",1339.03644230136,27.6031687652687,467.38542872065,5.828e-33,3.885e-09
"326",192,"TwoMixedExp",1337.16580540775,27.4168559960741,474.197689001092,4.465e-34,9.515e-18
"327",195,"TwoMixedExp",1335.37814369337,27.2405058916332,480.929785015063,5.315e-35,4.019e-09
"328",209,"TwoMixedExp",1333.49024651407,27.056388690468,488.124077293068,6.49e-37,6.858e-29
